{
  "decision_threshold": 0.021128999321831713,
  "fpr_budget": 0.05,
  "eval_set": {
    "benign_test": 9093,
    "attack_test": 12827
  },
  "metrics": {
    "precision": 0.9081322247008721,
    "recall": 0.3491073516800499,
    "f1": 0.504336073882194,
    "fpr": 0.04981854173540086,
    "adjusted_precision": 0.6307667591899822,
    "tp": 4478,
    "tn": 8640,
    "fp": 453,
    "fn": 8349
  },
  "sanity_check_self_flag_rate": 0.010008523742747945
}